6101/M,AYESHA TOURS PVT LTD
6102/M,HUDABIYA HAJJ & UMRAH SERVICES (PVT) LTD.
6103/M,LABBAIK HOLY TOURS PVT LTD
6104/M,KARWAN-E-ABUZAR GHAFARI PVT LTD
6105/M,SAUDIPAK HAJJ & UMRAH SERVICES PRIVATE LIMITED
6106/M,BAIT-U-LLAH TOURS PVT LTD.
6107/M,AL-REHMA HAJJ UMRAH SERVICES PVT LTD
6108/M,AL WASAM INTERNATIONAL PVT LTD
6109/M,MIRAN JEE TRAVELS PVT LTD
6110/M,ZIMRI TRAVELS PVT LTD
6111/M,KARWAN-E-ALSAIM HAJJ SERVICES PVT LTD
6112/M,FRIENDS TOURS HAJJ & UMRAH SERVICES PVT LTD
6113/M,FATIMA INTERNATIONAL HAJJ & UMRAH SERVICES PVT LTD
6115/M,PAK INDUS HAJJ UMRAH SERVICES PVT LTD
6116/M,KARWAN AL MARHABA HAJJ & UMRAH SERVICES PVT LTD
6117/M,HAMEED TRAVEL & TOURS PVT. LTD
6118/M,MADINEY DA PANDHI PVT. LTD
6119/M,KARWAN-E-KAUSAR PVT LTD
6120/M,AL-MUHAFIZ PVT LTD
6121/M,KARWAN-E-SHAFQAT PVT LTD
6122/M,SOHAIL WAQAS PVT LTD
6123/M,KARWAN E AL SUGHRAN TRAVEL AND TOURS PVT LTD
6125/M,AL ARAB ZIARAT PRIVATE LIMITED
6126/M,DIYAR E RASOOL TRAVELS PRIVATE LTD
6127/M,KARWAN E KHAIR AL WARA PVT LTD
6128/M,AL-SHAGHAF HAJJ & UMRAH SERVICES PVT. LTD
6129/M,MASHHAD BILAL HAJJ AND UMRAH SERVICES PVT LTD
6130/M,MINA AL ARFAT TRAVELS PVT LTD
6131/M,AL AQSA HAJJ SERVICES PVT LTD
6132/M,KARWAN E SAIF ULLAH HAJJ SERVICES PVT LTD
6133/M,SALAAL INTERNATIONAL PVT LTD
6134/M,RIZWAN TRAVELS PRIVATE LIMITED
6135/M,MAHMOOD YASIN HAJJ & TOURS SERVICES PRIVATE LIMITED
6136/M,DAWN AIR TRAVELS PVT LTD
6137/M,ARSLAN TOURS PVT LTD
6138/M,KISWA TRAVELS & TOURS PVT LTD
6139/M,TOP CARE HAJJ & UMRAH SERVICES PVT LTD
MUL,MUL
6114/M,KARWAN E SAMIULLAH MADNI( PVT.)LTD. MULTAN
6124/M,HUSSNAIN MOON HOLY TOURS PRIVATE LIMITED
2108/M,"""HAZARA HUJAJ UL HARAMAIN HAJJ AND UMRAH SERVICES PVT LTD"""
6141/M,MAKKAH AIR INTERNATIONAL TRAVELS(PVT) LTD
