ISB,ISB
1119/I,AL SHAIRE HAJJ & UMRAH SERVICES PVT LTD
1199/I,AL SAMMAD AIR SERVICES PRIVATE LIMITED
2101/I,TALBIA SERVICES PVT LTD
2102/I,7 SEAS HAJJ AND UMRAH SERVICES PVT LTD
2103/I,AL HAQ PRIVATE LIMITED
2104/I,GALAXY HAJJ AND UMRAH SERVICES PVT LTD
2105/I,TRAVEL VALLEY( SMC-PRIVATE) LIMITED
2106/I,TAQWA HAJJ AND UMRAH SERVICES PVT LTD
2107/I,RIAZ UL HARMAIN PVT LTD
2108/I,HAZARA HUJJAJUL HERMAIN HAJJ AND UMRAH SERVICES PVT LTD
2109/I,AL WALEED INTERNATIONAL PRIVATE LIMITED
2110/I,KARWAN E ZAMZAM PVT LTD
2111/I,AL YOUSAF TRAVELS & TOURS PVT LTD
2112/I,KARWAN E SULTANIA PVT LTD
2113/I,AL HATEEM INTERNATIONAL TRAVELS PVT LTD
2114/I,PAK ARABIAN INTERLINKS PVT LTD
2115/I,AL RAHAM TRAVEL AND TOURS PVT LTD
2117/I,KARWAN E AL JANNAH PVT LTD
2118/I,HAFIZ IFTIKHAR INTERNATIONAL TRAVEL TOURS (PVT) LTD
2119/I,H. NASEEM HASSAN (PRIVATE) LTD (SHAH FAISAL SHAHEED INTERNATIONAL TOUR OPERATOR)
2120/I,AL HABIB HAJJ & UMRAH PVT LTD
2121/I,AL TOHEED INTERNATIONAL HAJJ AND UMRA SERVICE PVT LTD
2122/I,HABIBI TRAVEL SERVICES PRIVATE LIMITED
2125/I,DAR AL SALAM PRIVATE LTD
2126/I,LABBAIK SERVICES PRIVATE LTD
2127/I,AL-RAHEEM TOURS TRAVEL PVT LTD
2128/I,KINGDOM TRAVEL PVT LTD
2130/I,TAIBA HARAMAYN PVT LTD
2131/I,AL HASHMI HAJJ UMRAH SERVICES PVT LTD
2132/I,HAJJ PLANNERS PRIVATE LIMITED
2135/I,AL AHBAB HAJ GROUP PRIVATE LIMITED
2136/I,SALMANS INTERNATIONAL TRAVELS (PVT LIMITED
2137/I,ABDULLAH BIN SULTAN HAJJ AND UMRAH SERVICES PVT
2138/I,PAK SAUDIA NAJM SERVICES & DEVELOPMENT PVT LIMITED
2139/I,DIYAR E NOOR HAJJ UMRAH AND SERVICES PVT LTD
2141/I,AL TAIF AIR TRAVELS PVT. LTD
2142/I,FARIS INTERNATIONAL PVT. LTD
2143/I,KARWAN-E-UMUL QURA PAKISTAN PVT LTD
2144/I,SUNSHINE TRAVELS & TOUR CONSULTANTS (PVT) LTD
2145/I,SAFAR E MADINA HAJJ & UMRAH TOURS PVT LTD
2147/I,CARVAN AL FAZILAH PVT LTD
2148/I,AL FURQAN INTERNATIONAL PRIVATE LIMITED
2149/I,AL MAMOORAH INTERNATIONAL PRIVATE LIMITED
2150/I,TAJDAR E DAWAL INTERNATIONAL TRAVELS & TOURS PRIVATE LIMITED
2151/I,DAR AL SALAM PAKISTAN HAJJ AND UMRAH SERVICES PVT LTD
2152/I,AZIZ HAJ UMRA SERVICES PVT LTD
2153/I,AL MURTAZA HAJJ & UMRAH SERVICES PVT LTD
2155/I,KARWAN E BAITULLAH PRIVATE LTD
2156/I,MOHIB E HARAMAIN SERVICES (SMC) PVT LTD
2157/I,CARVAN E HARMAIN PVT LTD
2158/I,CARVAN E AZMAT PVT LTD
2159/I,AL HARMAIN SERVICES PRIVATE LIMITED
2160/I,SABR PVT LTD
2161/I,MADNI PVT LIMITED
2162/I,AL ASRAA TRAVEL & TOURS PVT LTD
2163/I,BROTHERS INTERNATIONAL TRAVELS HAJJ & UMRA SERVICES PVT LTD
2164/I,KARWAN E SAIFI PVT LTD
2166/I,KARWAN AL SIDDIQUI INTERNATIONAL PVT LTD
2167/I,AL E ZAHRA ASSOCIATES PVT LTD
2168/I,SONYA TOURS PRIVATE LIMITED
2169/I,SKB HAJJ AND UMRAH SERVICES PVT LTD
2170/I,KARWAN E ZAIN INTERNATIONAL PVT LTD
2171/I,LALA GI TOUR (PVT) LTD
2172/I,SOUTHERN HAJJ SERVICES PRIVATE LIMITED
2173/I,AL NAJD HAJJ SERVICES PVT LTD
2174/I,KARWAN E SHAHZEB HAJJ AND UMERAH SERVICES PRIVATE LIMITED
2175/I,SHABBIR TRAVEL & TOURS PVT LIMITED
2176/I,MULTI FAITH INTERNATIONAL PVT LTD
2177/I,KARWAN MALIK-E-ASHTAR PVT LTD
2178/I,SAFA MAKKAH HAJJ & UMRA TRAVELS PVT LIMITED
2179/I,KARWAN E AMINULLAH PVT LTD
2181/I,TAUHEED ENTERPRISES (PVT) LIMITED
2182/I,MELODY SERVICES (PVT) LTD
2183/I,ABDULLAH MALIK AND BROTHERS PVT LTD
2184/I,AL HURRIYA HAJJ AND UMRAH SERVICES PVT LTD
2185/I,QAFALA E HIJAZ HAJJ UMRAH AND SERVICES PVT LTD
2186/I,MUTAFF HAJJ UMRA SERVICES PVT LTD
2187/I,HIJAZ LIL HAJJ WAL UMRA PVT LTD
2188/I,YAKTA TRAVELS AND TOURS PVT LIMITED
2189/I,SOUTHERN TRAVELS PRIVATE LIMITED
2190/I,DEEDAR E RAHAMAT INTERNATIONAL TRAVEL AND TOURS PVT LTD
2191/I,ABBAS TOURS (PVT) LTD
2192/I,M/S TRAVEL WIDE SERVICES PVT LTD
2193/I,KARWAN E MAKKAH PVT LTD
2194/I,ALLAH U AKBAR HAJJ & UMRAH SERVICES PVT LTD
2195/I,AL SAHIB TRAVELS PVT LTD
2196/I,CARVAN E AMAN PRIVATE LIMITED
2197/I,MAKKA TOURS & TRAVELS PVT LTD
2198/I,AMEER UR REHMAN PVT LTD
2199/I,BHALWAL TOURS PVT LIMITED
2200/I,ASHYANA HAJJ SERVICES PVT LTD
2201/I,ASIAN TOUR SERVICES PVT LTD
2202/I,IFAZHA HAJJ GROUP PVT LTD
2203/I,KHANQAH SIRAJEA HAJJ & UMRAH SERVICES PVT LTD
2204/I,AL GUROSHI HAJJ SERVICES PVT LTD
2206/I,MUSTAJAB TRAVELS & TOURS PVT LTD
2207/I,ALQASIM HAJJ & UMERAH SERVICES PVT LTD
2208/I,INSHA ALLAH HAJJ SERVICES PVT LTD
2209/I,KARWAN-E-AL MEEZAN PVT LTD
2210/I,NEELUM TOURS & TRAVELS PVT LTD
2211/I,EELAF PRIVATE LIMITED
2212/I,HAMDARD HAJJ SERVICES PVT LTD
2213/I,SAJJAD TRAVELS AND TOURS PVT LTD
2214/I,AL AKHWA AVIATION PVT LTD
2218/I,ZAIREEN E HARAM SERVICES SMC PVT LTD
2220/I,DAR UL ATEEQ (Pvt)Ltd
2221/I,KARWAN I AL MUEZ PRIVATE LTD
2223/I,RABBOU INTERNATIONAL TOURS PVT LTD
2224/I,AL MADAKH TRAVEL & TOURS PVT LTD
2225/I,BANUCHI ENTERPRISES PVT LTD
2226/I,QAFLA-E- MADIENAH HAJJ UMRAH SERVICES PVT LTD
2227/I,RAWAL HAJJ AND UMRAH SERVICES PVT LTD
2228/I,BAB UL KAABA HAJJ UMRAH AND SERVICE (PVT) ltd.
2229/I,TAIF & MADINA HAJJ/UMRA SERVICES PVT LTD
2230/I,GFQ INTERNATIONAL PVT LTD
2231/I,KARVAN ALKHASAIS PVT LTD
2232/I,RAJA ZAMAN INTERNATIONAL PVT LTD
2233/I,BUKHARI TRAVEL SERVICES PVT LTD
2234/I,ABU NASER TRADING INTERNATIONAL PVT LTD
2236/I,AL TEHAMAH HAJJ & UMRAH SERVICES PVT LTD
2238/I,CARVAN-E-YOUSAF PVT LTD
2239/I,MOHIB E MILLAT SERVICES (SMC-PVT) LTD
2240/I,MANNSEK PRIVATE LIMITED
2242/I,SAIFI AVIATION PVT LTD
2243/I,ZAM ZAM GROUP (PRIVATE) LIMITED.
2244/I,KARWAN-E-GULZAR-E-IBRAHIMI HAJJ & UMRA SERVICES (PRIVATE) LIMITED.
3238/I,SAFAR-E-REHMAT PVT LTD
4230/I,AL HUDAIBIYAH PVT LTD
5116/I,SHAKIR HAJJ SERVICES PRIVATE LIMITED
