KHR,KHR
1145/K,BAIT UL ATTEEQ PRIVATE LIMITED
1178/K,AL ATEEQ TRAVELS TOURS PVT LTD
1189/K,SHAKIR TRAVELS AND TOURS PVT LTD
2134/K,ORBIT HAJJ & UMRAH SERVICES (SMC) PVT LTD
3121/K,AL-ARIFA PVT LTD
3181/K,KARWAN-E-OBAIDIA PVT LTD
3183/K,KARAVAN-E-IBRAHEEM TOURS AND TRAVELS PRIVATE LIMITED
3185/K,LEEDS GROUP LIL HAJ WAL UMRAH SERVICE PRIVATE LIMITED
3242/K,KARWAN E ABU DAWOOD PVT LTD
4101/K,MUSHTAQ-E-HARAM TRAVEL & TOURS PRIVATE LIMITED
4102/K,HUJJAJ-E-MADINA TRAVEL & TOURS PVT LTD
4103/K,PROFICIENT SERVICES PRIVATE LIMITED
4104/K,HARRAM KHUDDAM-E-HUJJAJ(PVT.)LTD
4105/K,LABBAIK-E-HARAM TRAVEL & TOURS PVT LTD
4106/K,AL KHAIR SERVICES FOR HAJJ & UMRAH PVT LTD
4107/K,HEJAZ-E-MOQADDUS TRAVELS PVT LTD
4108/K,MAZIDAR HAJJ TRAVEL & TOURS PRIVATE LIMITED
4109/K,UNIVERSAL EXPRESS KARACHI PVT LTD
4110/K,AL BAKKA TRAVEL & TOURS PVT LTD
4111/K,AL RASHEED HAJJ & UMRA GROUP (PVT) LTD
4112/K,IDARA KHIDMAT UL HUJJAJ PRIVATE LIMITED
4113/K,IKHWAN UL HUJJAJ PRIVATE LIMITED
4114/K,MEMON TRAVEL AND TOURS (PRIVATE) LIMITED
4115/K,AL FATTANI TRAVEL AND TOURS PVT LTD
4116/K,AL KHADIM TOURS HAJJ AND UMRAH PRIVATE LIMITED
4117/K,AIR GUIDE HAJJ AND UMRAH SERVICES PVT LTD
4118/K,AL MASHAIR TRAVEL & TOURS PVT LTD
4119/K,KARWAN-E-UM-UL-QURA (PRIVATE) LIMITED
4120/K,AL HUNAIN INTERNATIONAL UMARAH AND HAJJ SERVICES PVT LTD
4121/K,LABBAIK HAJJ & UMRAH SERVICES (PVT) LTD.
4122/K,FAYZ-E-HUSAYNI
4123/K,KARWAN-E-SHAMIM (PVT) LTD.
4124/K,AL-SAFI TOURS & TRAVELS PRIVATE LIMETED
4125/K,AL WAFA INTERNATIONAL TRAVEL & TOURS (PVT) LTD
4126/K,AL MOAZZIN HAJJ & UMRAH SERVICES (PVT) LTD
4127/K,KARWAN-E-RAMZANI (PVT) LTD.
4128/K,MAJMU-E-RAMZANI PRIVATE LIMITED
4129/K,AL BADAR TRAVELS AND TOURS PRIVATE LIMITED
4130/K,PETLUBES PVT LTD
4131/K,SALEEM AKHTAR TRAVEL & TOURS PVT LTD
4132/K,AL ZAHID TRAVEL & TOURS PVT LTD
4133/K,AL KHANDWANI INTERNATIONAL PVT LTD
4134/K,AL-SAAD TOURS (PRIVATE) LIMITED
4135/K,KARWAN-E-HANFI PAKISTAN TRAVEL & TOURS PVT LTD
4136/K,AL KISWA SERVICES (PVT) LIMITED
4137/K,AL-HARAMAIN (PVT) LIMITED
4138/K,ZIAFAT UL HARMAIN HAJJ GROUP PVT LTD
4139/K,AL MUSANI INTERNATIONAL PVT LTD
4140/K,KARWAN-E-AHL-E-SUNNAT TRAVEL & TOURS PRIVATE LIMITED
4141/K,BAVERIA TRAVELS & TOURS OPERATORS PVT.LTD.KARACHI
4142/K,UMRAH & HAJJ SERVICES PVT LTD.
4143/K,UNIVERSAL BROTHERS PVT LTD.
4144/K,INTERNATIONAL KARWAN-E-MALIK (PVT) LTD.
4145/K,SHAN-E-HARAM TRAVELS PVT LTD
4146/K,TARBEYYAT-UL-HUJJAJ TRAVELS PVT LTD
4147/K,AZ-ZAITOONA SERVICES FOR HAJJ & UMRAH PVT LTD
4148/K,MAKKAH TOURISM PVT LTD
4149/K,CARWAN-E-HASHMI PVT LTD
4150/K,KHATM-E-NUBUWWAT HAJJ GROUP PVT
4151/K,AL TAYABA TRAVELS & TOURS PVT LTD
4152/K,AL-RASHEDIN HAJJ AND UMRAH SERVICES PVT LTD
4153/K,HUJAJ-AL-ANSAR HAJJ & UMRAH TOURS PVT LTD
4154/K,KARWAN-E-RAFEEQ-UL-HARMAIN PRIVATE LIMITED
4155/K,OASIS UMRAH & HAJJ SERVICES (PVT) LTD
4156/K,AROMA TRAVEL SERVICE PVT LTD
4157/K,AL SYED TRAVELS PVT LTD
4158/K,HERMAIN TRAVELS PVT LTD
4159/K,NAWAB HAJJ GROUP (PVT) LTD
4160/K,SAFEENAH TUL HUJJAJ INTERNATIONAL PVT LTD
4162/K,KARWAN E ASRA INTERNATIONAL PVT. LTD
4164/K,PAKISTAN PILGRIMS PVT.LTD
4165/K,EMINENT TRAVELS (PVT) LTD
4166/K,KARWAN-E-HIRA HAJJ & UMRAH (PVT) LTD
4167/K,AL-HIRA TRAVEL & TOURS (PVT) LTD
4168/K,FAIZAN-E-NOORI INTERNATIONAL PVT. LTD
4169/K,KARWAN-E-NOORI INTERNATIONAL PVT. LTD
4170/K,LABBAIK TOURS & TRAVELS PVT LTD
4171/K,PIRWANI HAJJ GROUP PVT LTD
4172/K,KARWAN-E- HIJAZ TRAVEL AND TOURS (PVT) LTD
4173/K,AL-BARAKAH SERVICES FOR HAJJ & UMRAH PVT LTD
4174/K,KARWAN E ISLAMIA PVT LTD
4175/K,KARWAN-E-ZIA-E-ISLAM PRIVATE LIMITED
4176/K,BAIT-US-SALAM PVT LTD
4177/K,AL SAEED GROUP PVT LTD
4178/K,AL SHAKOOR SERVICES PVT LTD
4180/K,FIDA HAJJ AND UMRAH SERVICES PRIVATE LIMITED
4181/K,ABDUL SALAM & ZEESHAN TRAVELS & TOURS PVT LTD.
4183/K,DHAKAM HAJJ UMRAH PVT LTD
4185/K,AL-ANSAR TRAVEL & TOURS PVT LTD
4186/K,COLUMBUS TRAVEL SERVICES PVT LTD
4187/K,ANWAR E MACCA HUJJ GROUP PRIVATE LIMITED
4188/K,AAMIR TOURS & TRAVELS PAKISTAN (PRIVATE) LTD.
4189/K,AIR WINGS TRAVELS PVT LTD
4190/K,SADIQ-UL-HAJAJ ENTERPRISES PRIVATE LTD
4191/K,NICE TRAVELS PVT LIMITED (FORMER NAME: AL-RAHIM HAJJ UMRA SERVICES PVT LTD)
4192/K,CARVAN E ABU ZAR HAJJ AND UMRAH SERVICES PVT LTD
4193/K,KARWAN-E-AMJADIA HAJJ AND UMRAH SERVICES PRIVATE LIMITED
4195/K,PETROMARK HAJRA UMRAH SERVICES PVT LTD KARACHI
4196/K,UNI PAK TRAVELS AND TOURS PVT LTD
4197/K,AL-MEZAN HAJJ GROUP PRIVATE LIMITED
4198/K,ALLAMAH BANORI HAJJ AND UMRAH SERVICES PRIVATE LIMITED
4199/K,RAJA TRAVEL AND TOURS PVT LTD
4200/K,AL ZAFAR HAJJ & UMRA SERVICES PVT LTD
4201/K,SAKHI WAHAB HAJJ COMPANY PRIVATE LIMITED
4202/K,AL HUDA TRAVELS (PVT) LTD.
4203/K,FAZL E RABBI PVT LTD
4204/K,TOPLINE TRAVELS PVT LTD
4205/K,SIDDIQ AHMAD MEHER ELAHI HAJJ GROUP PVT LTD
4207/K,HUJJAJ TRAVEL AND TOURS PVT LTD
4208/K,ILLAL HARAM TRAVELS AND TOURS PVT LIMITED
4209/K,AL HARAM TRAVELS AND TOURS PVT LTD
4210/K,TAIR-E-HARAM INTERNATIONAL PVT LTD
4211/K,KARWAN E ISLAMI INTERNATIONAL PVT LTD
4212/K,KARWAN-E-MAKKAH MADINA PVT LTD
4213/K,MEHFOOZ TRAVLES PVT LTD
4214/K,SALEH AL GHAFFAR TRAVEL AGENCY HAJJ SERVICES PVT LTD
4215/K,TRAVEL CLUB PRIVATE LTD
4216/K,PAKBAN INTERNATIONAL PVT LTD
4217/K,AL MARWA HAJJ AND UMRAH SERVICES PVT LTD
4218/K,MUAWIN-UL-HUJJAJ PVT LTD
4219/K,KARWAN-E-MUSTAFAI (PVT) LTD
4220/K,FAIZAN E HARAM HAJJ SERVICES PVT LTD
4221/K,HUJJAJ-UL-HARMAIN TRAVEL & TOURS PVT LTD
4222/K,REHBAR-UL-HUJJAJ PRIVATE LIMITED
4223/K,KARWAN AL MADINA TRAVEL AND TOURS (SMC) PVT LTD
4224/K,ALANSARI PRIVATE LIMITED
4225/K,LUDHYANVI TRAVELS PVT LTD
4226/K,ANWAR MUNIR PRIVATE LIMITED
4229/K,TRAVEL INN PVT LTD
4231/K,AL HERMAIN SHARIFAIN TOUR & TRAVELS PVT LTD
4232/K,SADIKABAD HAJJ & UMRAH PVT LTD
4233/K,MPL TRAVELS DIVISION OF MAHDI PAKISTAN (PVT) LIMITED
4234/K,AJWA HAJJ SERVICES (PRIVATE) LIMITED
4235/K,CARVAN-E-MUSLIM HAJJ & UMRAH SERVICES PVT LTD
4236/K,DWYNE TRAVELS (PVT) LTD.
4237/K,KARWAN-E-AJAM PVT LTD
4238/K,KARWANE GHULAMANE MUSTUFA PVT LTD
4239/K,DAWOOD BILAL HAJJ UMRAH TRAVEL AND TOURS PVT LTD
4240/K,OWAIS OSAMA ENTERPRIES PVT LTD
4241/K,SAFAR-E-SAEED-O-NAVEED UMRAH-O-HAJJ INTERNATIONAL PVT LTD
4244/K,AIRMAX TRAVEL PVT LTD
4245/K,JAN AND BROTHERS HAJJ AND UMRAH PVT LTD
4248/K,CARVAN-E-AMEER HAMZA PILGRIMAGE SERVICES PVT LIMITED
4249/K,JANWIRY BROTHERS HAJJ UMRAH SERVICES PVT LTD
4250/K,MASHAL AVIATION PRIVATE LIMITED
4251/K,TAWAF ZUL HAJJ & UMRAH PVT LTD
4252/K,ANWAR UL HARMAIN PVT LTD
4254/K,HASSAN USMAN INTERNATIONAL HAJJ UMRAH SERVICES PVT LTD
4255/K,SAFINA E MALIK PVT LTD
4256/K,KARWAN-E-AL-MEMBER HAJJ GROUP PRIVATE LTD
4257/K,TAHIR FARAN SERVICES PVT LTD
4259/K,AAL-E-ABA PVT LTD
4260/K,IDARA OF HAJJ & UMRAH FOR DAWOODI BOHRA HUJJAJ
4261/K,AL IFTIKHAR HAJJ AND UMRAH SERVICE PVT LTD
4262/K,ARKAYS TRAVELS PVT LTD
4263/K,KARWAN E ASRA AL MADINA PVT LTD
4264/K,KARVAN E ROYAL PVT LTD
4265/K,KARWAN E AKHTAR INTERNATIONAL PVT LTD
4267/K,GERRY'S TRAVEL AGENCY (PVT) LTD.
4268/K,NEW INTERNATINOAL KARWAN-E-ARFAT PVT LTD
4269/K,QAFLA E BAITULLAH PVT LTD
4270/K,AL SAFA PRIVATE LIMITED
4271/K,BABA GUNJ-E-SHAKAR HAJJJ & UMRAH SERVICES PVT LTD
4272/K,KARWAN E REHMANI TOURS AND TRAVELS PVT LTD
4273/K,IMRAN TRAVEL & TOURS (PVT) LTD
4274/K,KARWAN-E-JOUHARAT-UL-MAKKAH PVT LTD
4275/K,AL MANASIK INTERNATIONAL PVT LTD
4276/K,ALMEEQAT INTERNATIONAL & TOURS PVT LTD
4277/K,REHMAT NADIR HAJJ& UMRAH COMPANY PRIVATE LIMITED
4278/K,AL IMDAD TRAVELS PVT LTD
4279/K,LAKHANI HAJJ & UMRAH SERVICES PVT LTD
4280/K,AS SALAMAH SERVICES FOR HAJJ & UMRAH PVT LTD
4281/K,AL-WAHID HAJJ & UMRAH SERVICES PRIVATE LIMITED
4282/K,MAHBOOB-E-REHMANI UMRAH AND HAJJ SERVICES PVT LTD
4283/K,FAISAL AIR TRAVEL SERVICES PVT LIMITED
4284/K,MOIN-UL-HAJJAJ HAJJ AND UMRAH SERVICES PVT LIMITED
4290/K,MADANI INTERNATIONAL PVT LTD
4291/K,BUKHARI TOURS PRIVATE LIMITED
4292/K,SYSTEM TRAVELSPVT LTD
4293/K,REHMANI SERVICES PVT LTD
4294/K,RITUAL TOURS PVT LTD
4296/K,KARWAN E UMAR PVT LTD
4297/K,AL RAAED TRAVEL & TOURISM PVT LTD
4298/K,POLIFLY TRAVELS PRIVATE LIMITED
4299/K,Junaidi Air Travels And Tours
4300/K,MADINA TUL HUJJAJ PVT LTD
4301/K,FLYER INTERNATION TRAVEL AGENCY PVT LTD
4302/K,POLANI'S PRIVATE LIMITED
4304/K,AINAIN TRADING PVT LTD
4305/K,CHANNA TRAVEL & TOURS PVT LTD
4306/K,BUKHARI & SONS PVT LTD
4307/K,BUKHARI ASSOCIATE PVT LTD
4309/K,PAK SAUDI AVIATION PVT LTD
4310/K,BANGLANI AVIATION PVT LTD
4311/K,AL JAZEERA TRAVELS TOUR PVT LTD
4312/K,AIR LABEL SERVICES PVT LTD
4313/K,AL GHAZI HAJJ & UMRAH PVT LTD
4314/K,MUHAMMAD ALI ISMAIL MEMON HAJJ GROUP PVT LTD
4319/K,AL-MADINAH AL-MUNAWARA TRAVEL AND TOURS PVT. LTD.
4320/K,KARWAN E SAAD (PVT.) LTD.
4325/K,Raza-e-Noor (Pvt.) Ltd
4326/K,USMAN AIR TRAVELS
4327/K,SUPER TRAVELS PVT. LTD.
4328/K,DOSSANI TRAVELS & TOURS PVT. LTD.
4329/K,SONERI TRAVEL & TOURS PVT. LTD.
4330/K,CITI TRAVELS PVT. LTD.
4331/K,BILLOO TRAVELS SERVICES PVT. LTD.
4332/K,GOLDEN TRAVEL SERVICES PVT LTD
4333/K,AL-KHALID HAJJ UMRAH SERVICES PVT LTD
4295/K,PREMIER HAJJ SERVICES PRIVATE LIMITED
4242/K,ROYAL ZULHAJJ &UMRAH PVT LTD
4334/K,HABIB KARWAN-E-HARAM (PVT) LTD.
4335/K,SUNRISE AVIATION (PVT) LTD
4336/K,THE PROFESSIONALS TRAVEL TOURS (PVT) LTD
4337/K,AROMA AVIATION (PVT) LTD
4338/K,TRAVEL SERVICES (PVT) LTD
4340/K,LEENA AVION (PVT) LTD
4341/K,FLY TIME TRAVELS (PVT) LTD
4342/K,TOWN TRAVELS (PVT) LTD
4343/K,KHIZAR TRAVELS (PVT) LTD
4344/K,I PURI TRAVELS (PRIVATE) LIMITED
4345/K,UNITED AIR TRAVELS (PVT) LTD
4346/K,TRAVELOGUE PAKISTAN (PVT) LTD
4347/K,SHIRAZI TRAVELS (PVT) LTD
4348/K,MOORAD HAJJ UMRAH SERVICES (PVT) LTD
4349/K,QUALITY AVIATION (PVT) LTD
4350/K,TAIRAN-E-HARMAIN SHARIFAIN (PVT) LTD
4351/K,BEST TRAVELS (PVT) LTD
3152/K,MY AIR TRAVELS (PVT.) LTD.
4243/K,THE HOLY HAJJ SERVICES PRIVATE LIMITED
6135/K,MAHMOOD YASIN HAJJ & TOURS SERVICES PRIVATE LIMITED
3279/K,RAHIM YAR KHAN PVT LTD
3306/K,KARWAN-E-GOJRA HAJJ & UMRAH PVT LTD
4303/K,DUA-I-HARMEIN AL FATAH HAJJ GROUP PVT LTD
4354/K,SAILANI TRAVELS & TOURS PRIVATE LIMITED
4339/K,COSMOS TRAVELS (PVT) LTD
4353/K,AL-MASHAIR PVT LTD
4361/K,KARWAN-E-BABUL ISLAM TRAVELS & TOURS
4355/K,AL-NAEEM TRAVELS & TOURS PVT LTD
4356/K,SAFA TRAVEL & TOURS PVT LTD
4363/K,ANWER SERVICES PVT LTD
4364/K,LABBEK AIR TRAVELS PVT LTD
4366/K,TRAVEL CORPORATION PVT LTD
4368/K,NAZ TRAVEL & TOURS PVT LTD
4369/K,SINDBAD TRAVELS PVT LTD
4360/K,HARBOUR TRAVELS PVT LTD
4357/K,SAYEDAIN INT TRAVEL & TOURS PVT LTD
4352/K,BURAQ JIBRAIL INTL TRAVEL & TOURS PVT LTD
4359/K,AL-MADNI TRAVLS PRIVATE LIMITED
