LHR,LHR
2146/L,AL SAMAD KARWAN E BAIT ULLAH PVT LTD
2180/L,AAN TOUR AND TRAVELS (PRIVATE) LIMITED
2222/L,AL HAMAD TOURS PVT LTD
3101/L,AL NASR TRAVELS PVT LTD
3102/L,AL MULTAZAM TRAVELS PVT LTD
3103/L,AL MUQADAS TOURS (PVT) LTD
3104/L,KARWAN-E-SUO-A-HARAM PVT LTD
3105/L,HARAMPAK PVT LTD
3106/L,AL QURASH PVT LTD
3107/L,AL TAWAKAL TOURS & TRAVEL INTERNATIONAL (PVT) LTD
3108/L,TAWAF TRAVELS & TOURS PVT LTD
3109/L,AL WARIS TOURISM SERVICES PVT LTD
3110/L,MAKHDOOM TRAVEL & TOURS PVT LTD
3111/L,RIAZ UL JANNAH TRAVEL & TOURS PVT LTD
3112/L,ZEESHAN TRAVEL & TOURS PVT LTD
3113/L,GLOBAL HAJJ & UMRAH SERVICES PVT LTD
3114/L,KARWAN E ARAFAT TRAVEL & TOURS PRIVATE LIMITED
3117/L,PAN ISLAMIC TOURS & TRAVELS PVT LIMITED
3118/L,SUFA INTERNATIONAL TRAVEL & TOURS PRIVATE LIMITED
3119/L,IDARA AL HARMAIN PVT LTD
3120/L,PARADIGM TOURS PRIVATE LIMITED
3122/L,DIYAR-E-MADINA TRAVEL AND TOURS (PVT) LIMITED
3123/L,GENEVA TRAVELS AND TOURS PVT LTD
3124/L,AL RAZA INTERNATIONAL TOUR AND TRAVEL PVT LTD
3125/L,AL MOHID HAJJ UMRAH SERVICES PVT LTD
3126/L,AL HIJAZ TRAVELS PVT LTD
3127/L,RG TOURS AND TRAVELS PVT LTD
3128/L,MAJEED TOURS & TRAVELS (PVT) LTD.
3129/L,KARWAN E REHMAN PVT LTD
3130/L,ALMAS ZAKA UR REHMAN PVT LTD
3131/L,WORLD TOURS PVT LTD
3132/L,BAB-UL-SALAM TRAVEL & TOURS PVT LTD HAJJ & UMRAH SERVICES
3133/L,KARWAN E ALTAUHEED HAJJ & UMRAH GROUP PVT LTD
3134/L,ANSAR E PAKISTAN TRAVELS & TOURS PVT LTD
3135/L,HAFIZ AIR INTL TRAVEL & TOUR HAJ & UMRAH SERVICES PVT LTD
3136/L,SAUDI PAK TOURIST& TRAVELS BUREAU PVT LTD
3137/L,PAKLAND TRAVELS PVT LTD
3139/L,KARWAN-E-ABDULLAH PVT LTD
3140/L,MOEEN TRAVEL &TOURS PVT
3141/L,KARWAN-E-QAMAR-UL-ISLAM PVT LTD
3142/L,AL SAFEER HAJ & UMRA PVT LTD
3143/L,CHALO MADINAH SHARIF TOURS & TRAVELS (PVT) LTD
3144/L,EMAD TRAVEL & TOURS (PVT) LTD
3145/L,CARWAN-E-NOOR TANVEER TRAVELS & TOURS PVT LTD
3146/L,GRACE TRAVEL SERVICES PVT LTD
3147/L,AL-KARIMEE TRAVEL AND TOURS PVT LIMITED
3148/L,LABBAIK INTERNATIONAL TRAVEL & TOURS (PVT) LTD
3149/L,NEW ALMULTAZAM TOURS PVT LIMITED
3150/L,KARWAN-E-MUSTAFA TRAVEL & TOURS SERVICES PVT LIMITED
3151/L,MUSLIM TRAVEL AND TOURS PVT LTD
3153/L,FAIZ E ALAM TOURISM SERVICES PVT LTD LAHORE
3154/L,CARVAN JAMIL TRAVEL AND TOUR PVT LTD
3155/L,SIRAJIA HAJ AND UMRA SERVICES PVT LTD
3156/L,CARVAN-E-AFZAL AL HAJJ PAKISTAN PVT LTD
3158/L,ANAS TOURS AND TRAVELS PVT LTD
3159/L,MADNI TOGERVI TRAVELS PVT LTD
3160/L,KARVAN E HAJJ VALI AL ASAR PVT LTD
3161/L,KARWAN E SADDIQUE AKBAR PRIVATE LIMITED
3162/L,SKY WORLD TRAVELS PVT LTD
3163/L,SIDDIQUI INTERNATIONAL TOURS & TRAVEL PVT LTD
3164/L,KARWAN E AQIDAT PVT LIMITED
3165/L,QAUMI TRAVELS PVT LTD
3166/L,SUKHERA TRAVELS AND TOURS PVT LTD
3167/L,DASP PILGRIMAGE SERVICES PRIVATE LIMITED
3168/L,ARQEM LAHORE PVT LTD
3169/L,KARWAN E MINHAJ U HUSSAIN PVT LTD
3170/L,FAIZ E MADINA PVT LTD
3171/L,KARWAN E ISMAEEL PVT LTD
3172/L,KARWAN-E-SHABBIR PVT LTD
3173/L,AL QADIR HAJJ UMRAH SERVICES PRIVATE LIMITED
3174/L,AL TALIB TRAVELS PVT LTD
3178/L,RAWAL (PVT) LTD
3182/L,WORLD LINKS TRAVEL & TOURS CONSULTANTS PVT LTD
3184/L,AJ GROUP LIL HAJJ WAL UMRAH SERVICE PVT LTD
3186/L,AYUB INTERNATIONAL TRAVELS PRIVATE LIMITED
3187/L,CARVAN-E-MAKKAH MADINA INTERNATIONAL PVT LTD
3188/L,ALHAMRA TOURS PVT LIMITED
3190/L,FAISAL ABAD HAJJ & UMRAH SERVICES (PVT) LIMITED
3192/L,AL SAUD TOUR & TRAVELS PVT LTD
3193/L,NUMAIR TRAVELS & TOURS PVT LTD
3195/L,KARWAN E HUSSANI INTERNATIONAL PVT LIMITED
3197/L,EASY HAJ AND UMRA PVT LTD
3198/L,AL-QADSIA INTERNATIONAL TRAVEL AND TOURS PRIVATE LIMITED
3199/L,AL ZAHID MADNI TRAVELS PVT LTD
3201/L,MERAJ UN NABI TRAVELS PVT LTD
3203/L,RAUF IBRAHIM TRAVELS AND TOURS HAJ AND UMRAH SERVICES PVT LTD
3206/L,BAB-E-HARAM HAJJ UMRAH SERVICES PVT LTD
3207/L,AL-MUTAYYAB PVT LTD
3209/L,HURMAT-E-RASOOL TRAVELS PVT LTD
3211/L,KARWAN E HAJJ HUSSAINIA PVT LTD
3212/L,KARWAN-E-HAIDERI PAKISTAN PVT LTD
3213/L,TOOBA TRAVELS AND TOURS PVT LTD
3214/L,IBADAT INTERNATIONAL PVT LTD
3215/L,SHAMCO TRAVELS PRIVATE LTD
3216/L,ZIA E HARAM TRAVEL & TOURS SERVICES PVT LTD
3217/L,RR HAJJ & UMRAH SERVICES PRIVATE LIMITED
3219/L,GOHAR TRAVEL & TOURS PVT LTD
3221/L,KARWAN E MUZAMMAL PVT
3222/L,ARAB ONLINE SERVICE PVT LIMITED
3223/L,KARWAN E SANA PVT LTD
3225/L,AZZIAFAH PVT LIMITED
3228/L,CARVAN BAQIR UL ULOOM PVT LTD
3229/L,AKLOTA TRAVELS & TOUR OPERATORS PVT LTD
3230/L,HARRAM AL HAJJAZ TRVAVELS & TOURS PVT LTD
3231/L,NATIONAL TOURS (PVT) LTD
3232/L,AL-BADAR INTERNATIONAL TRAVELS AND TOURS PVT. LTD
3233/L,BAAB-E-JIBRAEEL HAJJ AND UMRAH SERVICES PVT. LTD
3234/L,TERAAN HARMAIN SHARIFAIN HAJI UMRAH TARVELS TOURS PVT LTD
3236/L,ARHAM INTERNATIONAL HAJJ & UMRAH PVT. LTD
3239/L,CARWAN E ASHRAFIA PVT. LTD
3240/L,BR KARWAN-I-MAKKI MADNI HAJJ & UMRAH SERVICES PVT. LTD
3241/L,AL JOHRA TRAVELS & PVT LTD
3243/L,KHUDDAM UL HARMAIN INTERNATIONAL PVT LTD
3245/L,NAJAFI HAJJ & UMRAH TRAVELS & TOURS PVT LTD
3246/L,TAKBEER TRAVELS TOURS PVT LTD
3247/L,KISSA TRAVEL & TOUR PVT LTD
3248/L,BAITULLAH HAJJ COMPANY PVT LTD
3249/L,JAMIAT UL HUJJAJ PV LTD
3250/L,AL NISA TRAVELS PVT LTD
3251/L,KARWAN-E-IQBAL PVT LTD
3252/L,KARWAN-E-SIRAJIA PVT LTD
3255/L,GOLDEN FALCON TRAVEL SERVICES (PVT.) LIMITED
3256/L,KARWAN-E-JAMSHED TOURS & TRAVELS PVT LTD
3257/L,CARVAN E FALAH PVT LTD
3258/L,ABDULLAH TOURS & TRAVELS PVT LTD
3259/L,GHULAM MURSHAD T&T (PVT.) LTD.
3260/L,WATCH OUT HAJJ & UMRAH SERVICES PVT LTD
3261/L,MOTO TRAVELS PVT
3262/L,TAWAF E MAKKAH PVT LTD
3263/L,SHIRKA AL FOZAN TRAVEL PVT LTD
3272/L,AL FATAH INTERNATIONAL TOURS PVT LTD
3273/L,SHAHID TOURS INTERNATIONAL PRIVATE LIMITED
3274/L,ARFAH TRAVEL AND TOURS PRIVATE LIMITED
3275/L,MAKSAA TRAVEL & TOURS PVT LTD
3277/L,QADRI TOURS & TRAVEL PVT LTD
3278/L,PRINCE TRAVEL (PVT) LIMITED
3280/L,NASEEM TRAVELS AND TOURS PVT LTD
3282/L,KARWAN E ANWAAR E TAYYABA TRAVEL AND TOURS INTERNATIONAL PVT LTD
3283/L,BILAL KHALID TRAVELS & TOURS (PVT) LTD
3284/L,MUBASHER TRAVELS & TOURS PVT LTD
3285/L,HOTLINE TRAVELS INTERNATIONAL PVT LIMITED
3286/L,HAJRA TRAVEL & TOURS PRIVATE LTD
3287/L,ALATIQ TRAVEL & TOURS PVT LTD
3288/L,ABABEEL INTERNATIONAL LINKS TRAVEL AND TOURS PRIVATE LIMITED
3290/L,MEZAB-E-REHMAT PRIVATE LIMITED
3291/L,TRAVEL VICTORY INTERNATIONAL PVT LTD
3293/L,EVER GREEN TRAVELS PVT LTD
3294/L,AL KAREEM INTERNATIONAL TRAVEL TOURISM SERVICES PVT LTD
3295/L,YAZDAN INTERNATIONAL TRAVELS & TOURS PVT LTD
3296/L,MANZIL TOURS & TRAVELS PVT LTD
3297/L,ZIARAT UL HARMAIN PVT LTD
3298/L,KARWAN E TAJ PVT LTD
3299/L,AL MEERAAN HAJJ & UMRAH PVT LTD
3300/L,AL-BAQRA TRAVEL & TOURS PVT LTD
3301/L,AMAAR SHOAIB TOURS & TRAVELS PVT LTD
3303/L,JADEED AL RAEE HAJJ SERVICES PVT LTD
3304/L,PAK QURTUBA TRAVELS PVT LTD
3305/L,EVERSHINE TRAVEL (PVT) LTD
3306/L,KARWAN-E-GOJRA HAJJ & UMRAH PVT LTD
3307/L,ZAHOOR TRAVELS & TOURS PVT LTD
3308/L,ZAKA TRAVEL & TOURS (PVT) LTD
4246/L,KARWAN-E-JAMAL HAJJ & UMRAH SERVICES PRIVATE LIMITED
4318/L,MAKKI HAJJ O UMRA COMPANY PVT LTD
5159/L,KARWAN-E-HARAM SERVICES (PVT) LTD.
3208/L,Karwan-e-Harmain Travel (PVT) Ltd.
3191/L,"""PAK MAKKAH MADINA TRAVELS AND TOURS PVT LTD"""
3317/L,KARWAN-E-ISLAMI EXPRESS TRAVELS(PVT)LTD
