PSH,PSH
2165/P,TRAVEL LINES & TOURS PVT LTD
1101/P,KARWAN AL AHMAD HAJJ SERVICES PVT LTD
1102/P,MINHAJ TOURS PVT LTD
1103/P,PIR INTERNATIONAL PVT LTD
1104/P,AL NISMA HAJJ & UMRAH PVT LTD
1105/P,SHOAIB HAJJ AND UMRAH PVT LTD
1106/P,JABAL E NOOR TRAVEL & TOURS PVT LTD
1107/P,AMAN ULLAH HAJJ TRAVEL & TOURS PVT LTD
1108/P,KARWAN E HAMZA PVT LTD
1109/P,HUMAYUN SHINWARI TRAVEL AND TOURS PVT LTD
1110/P,SAFAR E MAKKAH TRAVEL & TOURS PVT LTD
1111/P,KOHAT HAJJ AND UMRAH SERVICE PVT LTD
1112/P,ZUBAIR KHAN SHINWARI TRAVEL & TOUR PVT LTD
1114/P,MAMA KARWAN E HAJJ & UMRAH SERVICES PVT LTD
1115/P,YOUSAF TRADERS PVT LTD
1116/P,ADNAN HAJJ & UMRAH SERVICES PVT LTD
1117/P,KURRAM TOURS PVT LTD
1118/P,KHORFAKKAN HAJJ & UMRAH TRAVEL & TOURS PVT LTD
1120/P,INSAF MADINA COMPANY PRIVATE LIMITED
1121/P,ABU HANZALA TRAVEL & TOUR PVT LTD
1122/P,ABU TALHA TRAVEL & TOUR PVT LTD
1123/P,TRIBAL TRAVEL & TOUR PVT LTD
1124/P,KARWAN E QURESH HAJJ SERVICES PRIVATE LIMITED
1125/P,KARWAN HUJJAZ HAJJ & UMRAH SERVICES PVT LTD
1126/P,AL MARWAT HAJJ AND UMRAH SERVICES PRIVATE LIMITED
1127/P,GUL FARAZ KHAN LIL HAJJ PVT LTD
1128/P,AL BAITH HAJJ SERVICES PVT LTD
1130/P,ITTEFAQ HAJJ AND UMRAH PVT LTD
1131/P,ZAM ZAM HAJJ & UMRA SERVICES PVT LTD
1132/P,ABU HAMID TRAVEL AND TOURS PRIVATE LIMITED
1133/P,KARWAN E QUBA PVT LTD
1134/P,AL MANARAAT HAJJ AND UMRA SERVICES PVT LTD
1135/P,NOWSHER WAN HAJJ & UMRAH SERVICES PVT LTD
1136/P,KARWAN E MUHAMMAD TRAVEL AND TOURS PRIVATE LIMITED
1137/P,PIR KAFLA AL HUJJAJ PRIVATE LTD
1138/P,ALMAROOF TRAVELS & TOUR PVT LTD
1139/P,REHLATUL HURMAIN SHURFAIN (PVT) LTD
1141/P,PEARL TOURISM SERVICES PVT LTD
1142/P,ALSABIL UL QABA HAJJ & UMRAH SERVICES PRIVATE LIMITED
1143/P,AL HIDAYA HAJJ SERVICES PVT LTD
1144/P,KARWAN E NIJAT HAJJ AND UMRAH SERVICES PRIVATE LIMITED
1146/P,AL JAZEERA AIR SERVICES PVT LTD
1147/P,KARWAN E SARHAD PVT LTD
1148/P,AL SAADAT TOURISM SERVICES PVT LTD
1149/P,ANGAZEY HAJJ & UMRAH SERVICES PRIVATE LIMITED
1150/P,FAIZ HAJJ & UMRAH SERVICES PVT LTD
1151/P,BILAL TRAVEL & TOURS SERVICES PVT. LTD.
1152/P,AL-KHATEEM TRAVELS AND TOURS PVT LTD
1153/P,SHAH SHINWARI AIR & TRAVELS SERVICES PVT. LTD
1154/P,AL HAMEED AIR SERVICES PVT LTD
1155/P,KARWAN E MARDAN HAJJ & UMRAH SERVICES PVT LTD
1156/P,SHEIKH BANOORI HAJJ SERVICES PVT LTD
1157/P,JABBAR BAT KHELA TRAVEL & TOURS PVT LTD
1158/P,SHAHRAHE AL HAJJ & UMRAH SERVICES (PVT) LTD
1159/P,MIK MOVERS PRIVATE LTD
1160/P,FAHEEM HAJJ AND TRAVELS TOURS PVT LTD
1161/P,HAIDRY TRAVEL AND TOURS PRIVATE LIMITED
1162/P,MUKHTAR HAJJ & UMRAH SERVICES PVT LTD
1163/P,SABIREEN TRAVELERS AND TRADERS PVT LTD
1164/P,KARWAN-E-QABAIL TOUR OPERATOR PVT LIMITED
1165/P,SHAMSHAD HAJJ AND UMRAH SERVICES PVT LTD
1166/P,LAWARI HAJJ UMRA SERVICES PVT LTD
1167/P,ANWAR UL HARMAIN TRAVEL AND TOUR
1168/P,HAJI JAHANZEB AFRIDI TRAVEL AND TOURS (PVT) LTD
1169/P,BROTHERS TRAVEL AND HAJJ SERVICES PVT LTD
1170/P,KARWAN-E-LANDI KOTAL HAJJ SERVICES PVT LTD
1171/P,DAUUAR ENTERPRISES PVT LTD.
1172/P,JABIR IBN-E-ABDULLAH HAJJ SERVICES PRIVATE LIMITED
123,Delete
1174/P,KARWAN-E-KHURASAN TRAVEL & TOURS PRIVATE LTD
1175/P,SABOOR TOURISM SERVICES PVT LTD
1176/P,MOHMAND AIR SERVICES PVT LTD
1177/P,ALHAZRAT LIL HAJJ WA UMRAH PVT LTD
1179/P,DELUXE TRAVEL AND TOUR PVT LTD
1180/P,SHARF-E-MADINA PVT LTD
1181/P,BAKHTIYAR HAJJ SERVICES PRIVATE LIMITED
1182/P,IMRAN HAJJ UMRAH & TOURISM SERVICES PVT LTD
1183/P,RAMOOZ E HAJJ TRAVEL AND TOURS PRIVATE LIMITED
1184/P,SWABI ENTERPRISES PVT LTD
1185/P,KARWAN E KHATM E NABOWAT PESHAWAR PVT LTD
1186/P,GHUFRAN TOURS PVT LIMITED
1187/P,SHANGLA HAJJ SERVICES (PVT) LIMITED
1188/P,SHUHDA E BALA KOT PVT LTD
1190/P,ILAF HAJJ AND UMRAH SERVICES PVT LTD
1191/P,SAQIB TRAVELS HAJJ AND UMRAH SERVICES PVT LTD
1192/P,MULLA INTERNATIONAL PVT LIMITED
1193/P,THABBA TRAVEL & TOURS PVT LIMITED
1194/P,CHITRALI TRAVEL & TOUR PVT LTD
1195/P,SAFI HAJJ & UMRA SERVICES PVT LIMITED
1196/P,HAZRAT UMMI AYESHA SERVICES PVT LTD
1197/P,TAZKERA AL-HARMAIN AL-SHARIFAIN HAJ & UMRAH PVT LTD
1198/P,KARWAN E ASIA HAJJ & UMRA SERVICES PVT LIMITED
1200/P,HANINA TRAVEL AND TOURS SERVICES PRIVATE LTD
1201/P,GULBAZ DEHQAN HAJJ SERVICES PVT LTD
1202/P,ISRAR UL HUJJAJ HAJJ AND UMRAH SERVICE PVT LTD
1203/P,KARWAN E ABDUL RAHIM TRAVEL & TOURS PVT LTD
1204/P,TIRAH HAJJ & UMRAH SERVICES PVT LTD
1205/P,JAMRUD LIL HAJJ PVT LTD
1206/P,REHAN HAJJ AND UMRAH SERVICES PVT LTD
1207/P,SAFFI TRAVELS PVT LTD
1208/P,THE BROTHERS TRAVEL & TOUR PVT LTD
1209/P,SHAN E MADINA PVT LTD
1210/P,SPINGHAR HAJJ UMRAH SERVICES PVT LTD
1215/P,AL ISRAJ INTERNATIONAL TRAVELS PVT LTD
1216/P,PALWASHA TRAVELS PVT LTD
1217/P,KARWAN-E-KHADMAN E MADINA HAJJ & UMRA SERVICES PVT LTD
1218/P,KARWAN E TASNEEM UL HUJJAJ PVT LTD
1219/P,KARWAN E NOOR HAJJ SERVICES PVT LTD
1220/P,AKA KHEL HAJJ SERVICES PVT LTD
1221/P,NIDAH HAJJ & UMRAH SERVICES PVT LTD
1222/P,ADINA HAJJ SERVICES PVT LTD
1223/P,IMDAD HAJJ & UMRA SERVICES PVT LTD
1224/P,KARWAN E ASHRAF HAJJ AND UMRA SERVICES PVT LTD
1225/P,MADINA INTERNATIONAL TRAVELS PVT LTD
1226/P,KARWANE DARVESH HAJJ & UMRAH SERVICES PVT LTD
1227/P,SAFA MARWA HAJJ SERVICES PVT LTD
1228/P,SAGAR HAJJ & UMRAH SERVICES PVT LTD
1229/P,ZOYOUF UL HARAMAIN HAJJ & UMRAH SERVICES PVT LTD
1230/P,HUJJAJ-UL-HARMAIN PVT LTD
1231/P,GULZADA TRAVEL & TOURS (PRIVATE) LIMITED
2133/P,AL AAFIAT PVT LTD
2140/P,JAMIL TOURS HAJJ & UMRAH SERVICES PVT LTD
2235/P,KARVAN-E-ALAMIN HAJJ & UMRAH SERVICES PVT LTD
3205/P,ADNAN MUNIR TRAVELS PVT LTD
1232/P,Alhuda Hajj & Umrah Services (Pvt) ltd
1234/P,Al Sadi Travels Pvt Ltd
