QTA,QTA
2241/Q,MARHABA KARWAN E ZAYUF UR REHMAN PVT LTD
3302/Q,ARAB WINGS TRAVEl & TOURS PVT LTD
4316/Q,DEYAR E HARMAN PVT LTYD
5101/Q,AL-ARAFAT INTERNATIONAL TRAVEL & TOURS PVT. LTD QUETTA
5102/Q,ZAFI TRAVELS AND TOURS (PVT) LTD
5104/Q,SYED ABDUL WASAY HAJJ SERVICES (PVT) LTD
5105/Q,GULF HAJJ AND UMRA SERVICES PVT. LTD
5106/Q,MUZDALIFAH TRAVELS AND TOURS PVT. LTD
5107/Q,AL-KHIDMAT AL-WATTAN HAJJ SERVICES PRIVATE LTD
5110/Q,SALEEM TOURS & TRAVELS PVT. LTD
5111/Q,BALOCH CONSULTANTS PVT LTD
5112/Q,MUHAMMAD KHAN HAJJ SERVICES PVT
5113/Q,ALADIL HAJJ UMRA SERVICES PRIVATE LIMITED
5114/Q,AL HAJJ SHARAJA KARWAN PVT LTD
5115/Q,WALI HAJJ SERVICES COMPANY PRIVATE LIMITED
5117/Q,AL SHAMS HAJJ SERVICES PVT LTD
5118/Q,CHISHTI TRAVELS & TOURISM PVT LTD
5119/Q,NEW SALEEM TOURS & TRAVELS PVT LIMITED
5120/Q,JILAN PRIVATE LIMITED
5121/Q,KARWAN-E-QAIS BIN MEHSAR HAJJ SERVICES (PVT) LTD
5122/Q,AL MEKRAN HAJJ UMRAH & COMPANY PVT LTD
5123/Q,GULISTAN E MADINA HAJJ SERVICES (PVT) LTD
5124/Q,AL KAUSAR TRAVELS AND TOURS PVT LTD
5125/Q,AL QASWA TRAVELS & TOURS PRIVATE LIMITED
5126/Q,AL BAKHT HAJJ SERVICES PVT LTD
5127/Q,LALA IQBAL HAJJ AND UMRAH SERVICES PVT LTD
5129/Q,SAHAR TRAVELS AND TOURS PVT LTD
5131/Q,AL WAHID TRAVELS AND TOURS PVT LTD
5132/Q,KARWANEBADDAR HAJJ SERVICES PVT LTD
5133/Q,AL DAULAT HAJJ SERVICES PVT LTD
5134/Q,KARWAN E PISHIN HAJJ SERVICES PVT LTD
5135/Q,PAK HARMAN TRAVELS AND TOURS PVT LTD
5136/Q,MIRZA KHAN HAJJ SERICERS PVT LTD
5137/Q,AL QASIMI HAJJ AND UMRAH SERVICES PVT LTD
5138/Q,YALAMLAM HAJJ & UMRAH SERVICES PVT LTD
5139/Q,AL YASIN HAJJ SERVICES PVT LTD
5140/Q,KARWAN E HAFIZ HAJJ SERVICES PVT LTD
5141/Q,HIKMATULLAH HAJJ SERVICES PRIVATE LIMITED
5142/Q,JALAL INTERNATIONAL PVT LTD
5143/Q,AL SUBHAN TRAVELS AND TOURS PVT LTD
5144/Q,ZAKARIA HAJ SERVICES PRIVATE LIMITED
5145/Q,MANZOOR AHMED CONFIDENCE HAJJ SERVICES PVT LTD
5146/Q,MUZABA INTERNATIONAL HAJJ AND UMARA PVT LTD
5147/Q,NEW MUZAMIL TRAVELS & TOURS PRIVATE LIMITED
5148/Q,BOLAN HAJJ AND UMRAH SERVICES PVT LTD
5149/Q,SAIF SUPER STAR HAJJ SERVICES PVT LIMITED
5150/Q,FANOOS HAJJ SERVICES (PVT) LTD.
5151/Q,SHARAF HAJJ SERVICES PRIVATE LIMITED
5152/Q,IKRAMUL HAQ HAJJ SERVICES PRIVATE LIMITED
5153/Q,MUHAMMAD ESSA HAJJ SERVICES PRIVATE LIMITED
5154/Q,HABSHA TRAVELS & TOURS PRIVATE LIMITED
5155/Q,AL SANDAL HAJJ AND UMRAN SERVICES PVT LTD
5160/Q,KARWAN-E-HAJJ (PVT) LTD.
5161/Q,AL ZAHEER HAJJ SERVICES (PVT) LTD
5162/Q,DARWAISH TRAVELS & TOURS (PVT) LTD
5163/Q,S.A. HAJJ & UMRAH SERVICES (PVT) LTD.
5164/Q,ZIARAT HAJJ AND UMRAH SERVICES
5165/Q,AHMAD-E-ANWAR HAJJ SERVICES (PVT) LTD
5166/Q,MUHAMMADULLAH HAJJ SERVICES PVT
5167/Q,NASEEM KHAN HAJJ SERVICES COMPANY (PRIVATE) LIMITED
